,ETER ID,English Institution Name,Reference year,Total academic personnel (FTE),Total academic personnel (HC),Total students enrolled ISCED 5-7,Total graduates ISCED 5-7,Total students enrolled at ISCED 8,Total graduates at ISCED 8,scopus_authors,number_articles,total_eter,state
0,CY0001,University of Cyprus,2019,404,422,6079,1354,639,79,194.0,218.0,8555,Enna
1,IT0001,Marche Polytechnic University,2019,0,797,15831,3267,338,121,5894.0,18103.0,19557,Ancona
2,IT0002,Università della Valle d’Aosta,2019,0,137,1018,266,0,0,70.0,124.0,1284,Aosta
3,IT0003,University of Calabria,2019,0,1000,24637,4549,288,78,4277.0,16005.0,29552,Cosenza
4,IT0004,Polytechnic of Bari,2019,0,389,9910,2000,177,28,1801.0,5942.0,12115,Bari
5,IT0005,University of Bari Aldo Moro,2019,0,1726,44953,8113,537,131,14275.0,45452.0,53734,Bari
6,IT0006,University of Sannio,2019,0,267,4300,877,117,24,758.0,2655.0,5318,Benevento
7,IT0008,University of Bergamo,2019,0,603,21344,4033,188,50,825.0,2393.0,25615,Bergamo
8,IT0009,University of Bologna,2019,0,3727,83551,20714,1631,389,30301.0,99913.0,106285,Bologna
9,IT0010,Free University of Bozen-Bolzano,2019,0,534,3988,729,203,28,712.0,1621.0,4948,Bolzano
10,IT0012,University of Brescia,2019,0,911,15444,2836,243,59,7483.0,21404.0,18582,Brescia
11,IT0013,University of Cagliari,2019,0,1136,26084,4270,336,116,8892.0,29976.0,30806,Cagliari
12,IT0014,University of Camerino,2019,0,437,6828,1160,174,47,2758.0,10011.0,8209,Macerata
13,IT0015,University of Molise,2019,0,424,6946,1694,116,30,1160.0,3651.0,8786,Campobasso
14,IT0017,University of Cassino and Southern Lazio,2019,0,453,7158,1661,101,32,808.0,2785.0,8952,Frosinone
15,IT0019,University of Catania,2019,0,1708,39592,6780,498,97,13465.0,43426.0,46967,Catania
16,IT0020,"University ""Magna Graecia""",2019,0,415,11683,1747,144,0,2096.0,5406.0,13574,Catanzaro
17,IT0022,Kore University of Enna (UKE),2019,0,161,4777,1195,67,13,230.0,533.0,6052,Enna
18,IT0023,University of Ferrara,2019,0,928,23857,3545,362,96,9010.0,29210.0,27860,Vicenza
19,IT0025,University of Florence,2019,0,2046,54610,10540,950,277,21692.0,72413.0,66377,Florence
20,IT0027,University of Foggia,2019,0,412,10959,1874,68,30,1993.0,5780.0,12931,Foggia
21,IT0028,University of Genoa,2019,0,2103,32242,6845,1009,281,20324.0,61054.0,40377,Genova
22,IT0029,University of L'Aquila,2019,0,800,16465,3510,228,57,5516.0,15770.0,20260,L'Aquila
23,IT0030,University of Salento,2019,0,709,17618,3292,267,76,3093.0,9998.0,21253,Lecce
24,IT0032,University of Macerata,2019,0,484,10151,2246,121,39,381.0,846.0,12557,Macerata
25,IT0033,University of Messina,2019,0,1132,23848,4262,323,79,8999.0,30767.0,28512,Messina
26,IT0035,Politecnico di Milano,2019,0,2427,47861,12460,1392,259,11579.0,34236.0,61972,Milano
27,IT0036,Università Cattolica del Sacro Cuore,2019,0,3915,45722,13130,521,132,10159.0,32326.0,59505,Roma
28,IT0038,University of Milan,2019,0,2893,63357,12729,957,235,46902.0,132296.0,77278,Milano
29,IT0039,Vita-Salute San Raffaele University,2019,0,351,3748,830,157,42,2894.0,6806.0,4777,Milano
30,IT0040,University of Milano-Bicocca,2019,0,1322,35083,7715,635,142,7409.0,20253.0,43575,Milano
31,IT0041,Online University San Raffaele Rome,2019,0,146,6844,838,0,0,32.0,53.0,7682,Roma
32,IT0042,University of Modena and Reggio Emilia (UNIMORE),2019,0,1018,28349,5771,428,97,9977.0,31175.0,34645,Modena
33,IT0043,Suor Orsola Benincasa University,2019,0,283,8979,2292,35,9,46.0,71.0,11315,Napoli
34,IT0044,University of Campania Luigi Vanvitelli,2019,0,1140,24261,5248,568,113,7485.0,21431.0,30190,Napoli
35,IT0045,University of Naples Federico II,2019,0,3116,77032,14216,1014,268,18456.0,54133.0,92530,Napoli
36,IT0050,University of Padova,2019,0,3529,63737,14880,1394,394,32024.0,100837.0,80405,Padua
37,IT0051,University of Palermo,2019,0,1870,42118,7893,500,111,14974.0,44735.0,50622,Palermo
38,IT0052,University of Parma,2019,0,1124,28052,5803,431,126,12955.0,38647.0,34412,Parma
39,IT0053,Institute for Advanced Study - IUSS of Pavia,2019,0,54,0,18,66,10,208.0,392.0,94,Pavia
40,IT0054,University of Pavia,2019,0,1658,25322,5522,500,163,16696.0,50562.0,31507,Pavia
41,IT0055,University of Perugia,2019,0,1287,24320,4748,413,94,11612.0,38946.0,29575,Perugia
42,IT0056,University for Foreigners Perugia,2019,0,88,1136,337,26,0,49.0,78.0,1499,Perugia
43,IT0057,Scuola Normale Superiore,2019,0,89,0,0,313,79,2833.0,7892.0,392,Pisa
44,IT0059,University of Pisa,2019,0,2786,46727,9176,840,222,21252.0,68700.0,56965,Pisa
45,IT0060,University of the Basilicata,2019,0,426,6315,929,134,35,2004.0,6645.0,7413,Potenza
46,IT0061,Università Mediterranea of Reggio Calabria,2019,0,287,4899,831,120,37,1340.0,3501.0,5887,Reggio Di Calabria
47,IT0063,Roma Tre University,2019,0,1163,30856,6624,498,153,2970.0,8198.0,38131,Roma
48,IT0065,LUISS Guido Carli,2019,0,1501,11098,3920,87,41,482.0,952.0,15146,Roma
49,IT0066,Free University Maria SS. Assunta (LUMSA),2019,0,405,7182,2168,55,9,218.0,436.0,9414,Roma
50,IT0067,Campus Bio-Medico University,2019,0,214,2605,581,80,15,1684.0,4074.0,3281,Roma
51,IT0068,Sapienza University of Rome,2019,0,3820,109090,21674,2955,878,42039.0,114759.0,134597,Roma
52,IT0069,"University of Rome ""Foro Italico""",2019,0,76,2086,536,32,9,372.0,1150.0,2663,Roma
53,IT0070,University of Rome Tor Vergata,2019,0,1646,29369,7484,1064,280,10734.0,29874.0,38197,Roma
54,IT0072,Marconi University,2019,0,219,11096,2240,139,6,97.0,211.0,13481,Roma
55,IT0075,International Online University UNINETTUNO,2019,0,418,15801,571,16,0,60.0,138.0,16388,Roma
56,IT0077,University of Salerno,2019,0,1229,35738,6322,545,113,4686.0,15861.0,42718,Salerno
57,IT0078,University of Sassari,2019,0,727,13892,2432,220,54,6958.0,20060.0,16598,Sassari
58,IT0079,University of Siena,2019,0,1294,16848,3535,462,102,10223.0,32575.0,20947,Siena
59,IT0081,University of Teramo,2019,0,397,5746,1063,152,39,675.0,2194.0,7000,Teramo
60,IT0082,Politecnico di Torino,2019,0,1108,33264,7742,781,207,7757.0,23324.0,41994,Torino
61,IT0083,University of Turin,2019,0,2733,79077,15516,969,230,25683.0,80836.0,95792,Torino
62,IT0085,University of Trento,2019,0,839,16862,3789,721,231,6179.0,16773.0,21603,Trento
63,IT0086,International School for Advanced Studies (SISSA),2019,0,102,0,0,292,71,3003.0,7744.0,363,Trieste
64,IT0087,University of Trieste,2019,0,941,16345,3292,346,91,11300.0,33817.0,20074,Trieste
65,IT0088,University of Udine,2019,0,1077,15668,3383,247,78,5152.0,15079.0,19376,Udine
66,IT0089,University of Urbino Carlo Bo,2019,0,618,14732,3033,119,36,1662.0,5984.0,17920,Pesaro E Urbino
67,IT0091,Ca’ Foscari University of Venice,2019,0,820,21678,5875,323,98,2011.0,5534.0,27974,Venezia
68,IT0092,University IUAV of Venice,2019,0,323,4039,1364,128,33,372.0,804.0,5564,Venezia
69,IT0093,"University of Piemonte Orientale ""Amedeo Avogadro""",2019,0,550,13927,2557,133,20,2622.0,7269.0,16637,Vercelli
70,IT0094,University of Verona,2019,0,1392,25043,5922,394,105,9878.0,27390.0,31464,Verona
71,IT0095,University of Tuscia,2019,0,494,7930,1627,174,45,1962.0,6330.0,9776,Viterbo
72,IT0244,Link Campus University,2019,0,140,1050,807,6,0,32.0,55.0,1863,Roma
73,IT0248,Humanitas University,2019,0,115,1520,120,44,8,308.0,478.0,1692,Pieve Emanuele
74,IT0249,Gran Sasso Science Institute,2019,0,41,0,0,99,4,270.0,475.0,103,L'Aquila
75,VA0001,Pontifical University Antonianum,2019,0,0,0,0,0,0,9.0,17.0,0,Roma
76,VA0002,Pontifical University of the Holy Cross,2019,0,0,0,0,0,0,67.0,86.0,0,Roma
77,VA0003,Pontifical Gregorian University,2019,0,0,0,0,0,0,138.0,192.0,0,Roma
78,VA0009,Pontifical Biblical Institute,2019,0,0,0,0,0,0,26.0,43.0,0,Roma
79,VA0011,Salesian Pontifical University,2019,0,0,0,0,0,0,37.0,47.0,0,Roma
80,CY0001,University of Cyprus,2018,398,441,6052,1377,651,82,83.0,94.0,8560,Enna
81,IT0001,Marche Polytechnic University,2018,0,772,15765,3270,335,114,5611.0,16934.0,19484,Ancona
82,IT0002,Università della Valle d’Aosta,2018,0,119,1024,225,0,0,66.0,112.0,1249,Aosta
83,IT0003,University of Calabria,2018,0,980,25561,4534,283,74,4070.0,15020.0,30452,Cosenza
84,IT0004,Polytechnic of Bari,2018,0,417,9843,1919,154,21,1687.0,5462.0,11937,Bari
85,IT0005,University of Bari Aldo Moro,2018,0,1687,44569,8134,478,96,13763.0,43421.0,53277,Bari
86,IT0006,University of Sannio,2018,0,268,4633,902,111,38,712.0,2414.0,5684,Benevento
87,IT0008,University of Bergamo,2018,0,657,19724,3760,207,49,749.0,2146.0,23740,Bergamo
88,IT0009,University of Bologna,2018,0,3659,83120,19997,1451,416,29098.0,95221.0,104984,Bologna
89,IT0010,Free University of Bozen-Bolzano,2018,0,479,3821,703,177,33,590.0,1322.0,4734,Bolzano
90,IT0012,University of Brescia,2018,0,991,14795,2687,207,51,7115.0,20130.0,17740,Brescia
91,IT0013,University of Cagliari,2018,0,1128,25642,4290,356,103,8578.0,28640.0,30391,Cagliari
92,IT0014,University of Camerino,2018,0,470,7369,1141,162,54,2653.0,9569.0,8726,Macerata
93,IT0015,University of Molise,2018,0,443,7233,1447,103,31,1084.0,3352.0,8814,Campobasso
94,IT0017,University of Cassino and Southern Lazio,2018,0,502,7405,1561,106,47,753.0,2549.0,9119,Frosinone
95,IT0019,University of Catania,2018,0,1744,40784,6623,432,92,12934.0,41529.0,47931,Catania
96,IT0020,"University ""Magna Graecia""",2018,0,415,11472,1767,127,36,1946.0,4895.0,13402,Catanzaro
97,IT0022,Kore University of Enna (UKE),2018,0,161,4842,1269,73,6,200.0,448.0,6190,Enna
98,IT0023,University of Ferrara,2018,0,962,21323,3511,340,117,8693.0,28001.0,25291,Vicenza
99,IT0025,University of Florence,2018,0,2055,54324,10300,904,274,20817.0,69020.0,65802,Florence
100,IT0027,University of Foggia,2018,0,401,10767,1693,79,18,1883.0,5302.0,12557,Foggia
101,IT0028,University of Genoa,2018,0,2014,31739,6691,1041,292,19631.0,58588.0,39763,Genova
102,IT0029,University of L'Aquila,2018,0,864,16608,3423,218,68,5274.0,14858.0,20317,L'Aquila
103,IT0030,University of Salento,2018,0,722,17243,3344,254,78,2935.0,9300.0,20919,Lecce
104,IT0032,University of Macerata,2018,0,501,10507,2119,120,37,339.0,733.0,12783,Macerata
105,IT0033,University of Messina,2018,0,1137,23561,4371,296,85,8657.0,29345.0,28313,Messina
106,IT0035,Politecnico di Milano,2018,0,2396,47093,12113,1186,316,10823.0,31805.0,60708,Milano
107,IT0036,Università Cattolica del Sacro Cuore,2018,0,3819,44137,12689,510,157,9777.0,30902.0,57493,Roma
108,IT0038,University of Milan,2018,0,2970,62181,12537,915,366,45213.0,126753.0,75999,Milano
109,IT0039,Vita-Salute San Raffaele University,2018,0,347,3464,726,138,24,2658.0,6192.0,4352,Milano
110,IT0040,University of Milano-Bicocca,2018,0,1177,34435,8048,532,159,6905.0,18435.0,43174,Milano
111,IT0041,Online University San Raffaele Rome,2018,0,131,5469,587,0,0,26.0,42.0,6056,Roma
112,IT0042,University of Modena and Reggio Emilia (UNIMORE),2018,0,1005,26343,5427,388,111,9581.0,29751.0,32269,Modena
113,IT0043,Suor Orsola Benincasa University,2018,0,303,8837,2146,41,20,40.0,64.0,11044,Napoli
114,IT0044,University of Campania Luigi Vanvitelli,2018,0,1117,25385,4869,465,107,7175.0,20381.0,30826,Napoli
115,IT0045,University of Naples Federico II,2018,0,3039,77519,14401,1001,268,17485.0,50319.0,93189,Napoli
116,IT0050,University of Padova,2018,0,3511,62017,14237,1322,451,30616.0,95733.0,78027,Padua
117,IT0051,University of Palermo,2018,0,1807,40794,7667,455,138,14363.0,42525.0,49054,Palermo
118,IT0052,University of Parma,2018,0,1126,27002,5196,430,130,12471.0,36919.0,32758,Parma
119,IT0053,Institute for Advanced Study - IUSS of Pavia,2018,0,48,19,48,64,13,186.0,332.0,144,Pavia
120,IT0054,University of Pavia,2018,0,1551,24948,5419,507,155,16172.0,48712.0,31029,Pavia
121,IT0055,University of Perugia,2018,0,1273,24170,4525,384,131,11272.0,37322.0,29210,Perugia
122,IT0056,University for Foreigners Perugia,2018,0,84,1137,267,27,3,38.0,60.0,1434,Perugia
123,IT0057,Scuola Normale Superiore,2018,0,103,0,0,281,52,2707.0,7502.0,333,Pisa
124,IT0059,University of Pisa,2018,0,2628,46523,8626,761,213,20444.0,65732.0,56123,Pisa
125,IT0060,University of the Basilicata,2018,0,432,6461,982,126,39,1920.0,6207.0,7608,Potenza
126,IT0061,Università Mediterranea of Reggio Calabria,2018,0,343,5033,1001,128,28,1275.0,3242.0,6190,Reggio Di Calabria
127,IT0063,Roma Tre University,2018,0,1234,32024,6635,498,6,2742.0,7432.0,39163,Roma
128,IT0065,LUISS Guido Carli,2018,0,1537,10725,3620,89,26,442.0,840.0,14460,Roma
129,IT0066,Free University Maria SS. Assunta (LUMSA),2018,0,375,6695,2061,50,9,179.0,357.0,8815,Roma
130,IT0067,Campus Bio-Medico University,2018,0,199,2331,511,68,16,1557.0,3657.0,2926,Roma
131,IT0068,Sapienza University of Rome,2018,0,3776,107438,21362,2986,947,40141.0,108099.0,132733,Roma
132,IT0069,"University of Rome ""Foro Italico""",2018,0,75,2139,493,29,10,340.0,1040.0,2671,Roma
133,IT0070,University of Rome Tor Vergata,2018,0,1856,30485,7419,1033,373,10155.0,27953.0,39310,Roma
134,IT0072,Marconi University,2018,0,211,10631,1823,92,6,87.0,180.0,12552,Roma
135,IT0075,International Online University UNINETTUNO,2018,0,395,13769,666,5,0,54.0,117.0,14440,Roma
136,IT0077,University of Salerno,2018,0,1166,35975,5552,499,145,4346.0,14603.0,42171,Salerno
137,IT0078,University of Sassari,2018,0,716,14025,2369,208,71,6637.0,18999.0,16673,Sassari
138,IT0079,University of Siena,2018,0,1274,17050,3573,419,95,9885.0,31359.0,21137,Siena
139,IT0081,University of Teramo,2018,0,373,5767,1057,157,53,612.0,1968.0,7034,Teramo
140,IT0082,Politecnico di Torino,2018,0,1090,32837,7384,722,205,7100.0,21378.0,41148,Torino
141,IT0083,University of Turin,2018,0,2624,76419,14651,917,274,24630.0,76952.0,92261,Torino
142,IT0085,University of Trento,2018,0,808,16736,3815,638,194,5724.0,15330.0,21383,Trento
143,IT0086,International School for Advanced Studies (SISSA),2018,0,112,0,0,320,76,2862.0,7321.0,396,Trieste
144,IT0087,University of Trieste,2018,0,960,16005,3183,318,112,10863.0,32357.0,19618,Trieste
145,IT0088,University of Udine,2018,0,988,15458,3232,252,74,4910.0,14221.0,19016,Udine
146,IT0089,University of Urbino Carlo Bo,2018,0,620,14504,2893,114,35,1577.0,5625.0,17546,Pesaro E Urbino
147,IT0091,Ca’ Foscari University of Venice,2018,0,810,21737,5991,311,96,1856.0,5143.0,28135,Venezia
148,IT0092,University IUAV of Venice,2018,0,323,4171,1438,128,45,333.0,714.0,5782,Venezia
149,IT0093,"University of Piemonte Orientale ""Amedeo Avogadro""",2018,0,515,13260,2233,117,37,2421.0,6630.0,15647,Vercelli
150,IT0094,University of Verona,2018,0,1355,24740,5585,368,105,9383.0,25819.0,30798,Verona
151,IT0095,University of Tuscia,2018,0,516,7798,1640,155,52,1849.0,5896.0,9645,Viterbo
152,IT0244,Link Campus University,2018,0,185,2087,735,0,0,30.0,42.0,2822,Roma
153,IT0248,Humanitas University,2018,0,127,1190,23,38,0,216.0,306.0,1251,Pieve Emanuele
154,IT0249,Gran Sasso Science Institute,2018,0,29,0,0,113,0,188.0,320.0,113,L'Aquila
155,VA0001,Pontifical University Antonianum,2018,0,0,0,0,0,0,6.0,13.0,0,Roma
156,VA0002,Pontifical University of the Holy Cross,2018,0,0,0,0,0,0,58.0,68.0,0,Roma
157,VA0003,Pontifical Gregorian University,2018,0,0,0,0,0,0,123.0,166.0,0,Roma
158,VA0009,Pontifical Biblical Institute,2018,0,0,0,0,0,0,25.0,41.0,0,Roma
159,VA0011,Salesian Pontifical University,2018,0,0,0,0,0,0,34.0,40.0,0,Roma
160,CY0001,University of Cyprus,2017,374,386,6271,1458,661,68,23.0,23.0,8832,Enna
161,IT0001,Marche Polytechnic University,2017,0,692,15972,3243,354,132,5232.0,15671.0,19701,Ancona
162,IT0002,Università della Valle d’Aosta,2017,0,109,1051,257,0,0,47.0,87.0,1308,Aosta
163,IT0003,University of Calabria,2017,0,970,26193,4750,278,150,3870.0,14020.0,31371,Cosenza
164,IT0004,Polytechnic of Bari,2017,0,402,9792,1956,141,29,1575.0,5017.0,11918,Bari
165,IT0005,University of Bari Aldo Moro,2017,0,1666,45016,8028,477,125,13327.0,41558.0,53646,Bari
166,IT0006,University of Sannio,2017,0,259,4839,863,90,23,675.0,2198.0,5815,Benevento
167,IT0008,University of Bergamo,2017,0,590,18299,3310,193,63,686.0,1910.0,21865,Bergamo
168,IT0009,University of Bologna,2017,0,3609,82299,19484,1290,482,27989.0,90686.0,103555,Bologna
169,IT0010,Free University of Bozen-Bolzano,2017,0,490,3689,620,156,31,495.0,1093.0,4496,Bolzano
170,IT0012,University of Brescia,2017,0,1227,14836,2809,198,83,6806.0,18975.0,17926,Brescia
171,IT0013,University of Cagliari,2017,0,1114,25977,4398,371,177,8286.0,27272.0,30923,Cagliari
172,IT0014,University of Camerino,2017,0,437,7210,1285,155,51,2549.0,9146.0,8701,Macerata
173,IT0015,University of Molise,2017,0,440,7702,1095,100,38,1011.0,3062.0,8935,Campobasso
174,IT0017,University of Cassino and Southern Lazio,2017,0,481,7361,1416,113,52,695.0,2308.0,8942,Frosinone
175,IT0019,University of Catania,2017,0,1732,43393,6944,369,139,12501.0,39773.0,50845,Catania
176,IT0020,"University ""Magna Graecia""",2017,0,410,10992,1747,154,36,1797.0,4387.0,12929,Catanzaro
177,IT0022,Kore University of Enna (UKE),2017,0,163,5206,1156,61,5,169.0,358.0,6428,Enna
178,IT0023,University of Ferrara,2017,0,906,19278,3314,346,134,8387.0,26729.0,23072,Vicenza
179,IT0025,University of Florence,2017,0,2001,54198,9591,895,326,20006.0,65777.0,65010,Florence
180,IT0027,University of Foggia,2017,0,423,10635,1667,93,27,1738.0,4774.0,12422,Foggia
181,IT0028,University of Genoa,2017,0,2031,33876,6425,1020,295,19053.0,56285.0,41616,Genova
182,IT0029,University of L'Aquila,2017,0,896,16923,3776,210,86,5033.0,13995.0,20995,L'Aquila
183,IT0030,University of Salento,2017,0,751,16921,3254,242,118,2772.0,8612.0,20535,Lecce
184,IT0032,University of Macerata,2017,0,465,10312,2074,129,70,298.0,625.0,12585,Macerata
185,IT0033,University of Messina,2017,0,1144,23965,4114,270,169,8352.0,27950.0,28518,Messina
186,IT0035,Politecnico di Milano,2017,0,2368,46084,12007,1111,325,10072.0,29364.0,59527,Milano
187,IT0036,Università Cattolica del Sacro Cuore,2017,0,3916,42440,12507,474,227,9390.0,29269.0,55648,Roma
188,IT0038,University of Milan,2017,0,2909,63299,12420,930,393,43620.0,121351.0,77042,Milano
189,IT0039,Vita-Salute San Raffaele University,2017,0,307,3090,638,104,48,2449.0,5628.0,3880,Milano
190,IT0040,University of Milano-Bicocca,2017,0,1097,34445,7262,490,193,6431.0,16729.0,42390,Milano
191,IT0041,Online University San Raffaele Rome,2017,0,117,4237,332,0,0,23.0,35.0,4569,Roma
192,IT0042,University of Modena and Reggio Emilia (UNIMORE),2017,0,992,25432,5017,343,131,9233.0,28357.0,30923,Modena
193,IT0043,Suor Orsola Benincasa University,2017,0,192,8869,2152,39,6,33.0,54.0,11066,Napoli
194,IT0044,University of Campania Luigi Vanvitelli,2017,0,1078,26118,5118,409,100,6890.0,19353.0,31745,Napoli
195,IT0045,University of Naples Federico II,2017,0,2886,77937,14360,1009,442,16658.0,46890.0,93748,Napoli
196,IT0050,University of Padova,2017,0,3512,60896,14307,1272,389,29398.0,90907.0,76864,Padua
197,IT0051,University of Palermo,2017,0,1824,40553,7868,427,202,13751.0,40312.0,49050,Palermo
198,IT0052,University of Parma,2017,0,1171,25972,5168,400,146,12041.0,35311.0,31686,Parma
199,IT0053,Institute for Advanced Study - IUSS of Pavia,2017,0,56,70,68,61,14,167.0,277.0,213,Pavia
200,IT0054,University of Pavia,2017,0,1546,23797,5228,502,162,15680.0,46996.0,29689,Pavia
201,IT0055,University of Perugia,2017,0,1277,23630,4485,333,174,10940.0,35541.0,28622,Perugia
202,IT0056,University for Foreigners Perugia,2017,0,91,991,258,28,0,31.0,48.0,1277,Perugia
203,IT0057,Scuola Normale Superiore,2017,0,124,0,0,264,21,2596.0,7144.0,285,Pisa
204,IT0059,University of Pisa,2017,0,2538,46467,8497,717,226,19664.0,62869.0,55907,Pisa
205,IT0060,University of the Basilicata,2017,0,424,6647,961,118,45,1792.0,5748.0,7771,Potenza
206,IT0061,Università Mediterranea of Reggio Calabria,2017,0,351,5485,1038,133,38,1207.0,2989.0,6694,Reggio Di Calabria
207,IT0063,Roma Tre University,2017,0,1211,32904,6984,508,183,2507.0,6688.0,40579,Roma
208,IT0065,LUISS Guido Carli,2017,0,1490,10431,3394,97,34,408.0,740.0,13956,Roma
209,IT0066,Free University Maria SS. Assunta (LUMSA),2017,0,341,6365,1869,42,10,157.0,301.0,8286,Roma
210,IT0067,Campus Bio-Medico University,2017,0,182,2252,559,64,26,1404.0,3188.0,2901,Roma
211,IT0068,Sapienza University of Rome,2017,0,3915,106084,22228,3034,947,38359.0,101767.0,132293,Roma
212,IT0069,"University of Rome ""Foro Italico""",2017,0,77,2174,510,32,15,320.0,935.0,2731,Roma
213,IT0070,University of Rome Tor Vergata,2017,0,1873,31287,7400,1052,415,9666.0,26088.0,40154,Roma
214,IT0072,Marconi University,2017,0,212,9678,1782,64,7,71.0,143.0,11531,Roma
215,IT0075,International Online University UNINETTUNO,2017,0,347,11786,611,0,0,49.0,95.0,12397,Roma
216,IT0077,University of Salerno,2017,0,1172,36230,5501,411,184,4090.0,13452.0,42326,Salerno
217,IT0078,University of Sassari,2017,0,724,13784,2262,200,119,6399.0,17973.0,16365,Sassari
218,IT0079,University of Siena,2017,0,1317,16792,3254,373,95,9562.0,30117.0,20514,Siena
219,IT0081,University of Teramo,2017,0,361,6062,1128,157,35,574.0,1776.0,7382,Teramo
220,IT0082,Politecnico di Torino,2017,0,997,32165,6818,670,225,6585.0,19626.0,39878,Torino
221,IT0083,University of Turin,2017,0,2603,74931,13900,850,350,23703.0,73276.0,90031,Torino
222,IT0085,University of Trento,2017,0,787,16365,3578,589,199,5261.0,13868.0,20731,Trento
223,IT0086,International School for Advanced Studies (SISSA),2017,0,111,0,0,324,64,2749.0,6928.0,388,Trieste
224,IT0087,University of Trieste,2017,0,927,15883,3105,301,123,10434.0,31025.0,19412,Trieste
225,IT0088,University of Udine,2017,0,943,15456,3100,267,114,4725.0,13459.0,18937,Udine
226,IT0089,University of Urbino Carlo Bo,2017,0,665,14366,2923,113,58,1495.0,5293.0,17460,Pesaro E Urbino
227,IT0091,Ca’ Foscari University of Venice,2017,0,738,21197,5614,312,128,1726.0,4815.0,27251,Venezia
228,IT0092,University IUAV of Venice,2017,0,332,4219,1496,119,36,285.0,608.0,5870,Venezia
229,IT0093,"University of Piemonte Orientale ""Amedeo Avogadro""",2017,0,489,12678,2101,105,33,2281.0,6055.0,14917,Vercelli
230,IT0094,University of Verona,2017,0,1240,25416,5565,355,132,8954.0,24321.0,31468,Verona
231,IT0095,University of Tuscia,2017,0,494,8138,1338,142,44,1735.0,5483.0,9662,Viterbo
232,IT0244,Link Campus University,2017,0,341,2221,788,0,0,20.0,26.0,3009,Roma
233,IT0248,Humanitas University,2017,0,84,897,32,35,0,127.0,156.0,964,Pieve Emanuele
234,IT0249,Gran Sasso Science Institute,2017,0,15,0,0,80,0,143.0,211.0,80,L'Aquila
235,VA0001,Pontifical University Antonianum,2017,0,0,0,0,0,0,6.0,11.0,0,Roma
236,VA0002,Pontifical University of the Holy Cross,2017,0,0,0,0,0,0,46.0,54.0,0,Roma
237,VA0003,Pontifical Gregorian University,2017,0,0,0,0,0,0,111.0,152.0,0,Roma
238,VA0009,Pontifical Biblical Institute,2017,0,0,0,0,0,0,25.0,40.0,0,Roma
239,VA0010,Pontifical Oriental Institute,2017,0,0,0,0,0,0,22.0,33.0,0,Roma
240,VA0011,Salesian Pontifical University,2017,0,0,0,0,0,0,29.0,33.0,0,Roma
241,CY0001,University of Cyprus,2016,381,397,6106,1566,659,63,4.0,4.0,8775,Enna
242,IT0001,Marche Polytechnic University,2016,0,726,16038,3187,370,144,4958.0,14571.0,19739,Ancona
243,IT0002,Università della Valle d’Aosta,2016,0,118,1057,189,0,0,44.0,80.0,1246,Aosta
244,IT0003,University of Calabria,2016,0,984,26154,4628,251,70,3656.0,13038.0,31103,Cosenza
245,IT0004,Polytechnic of Bari,2016,0,395,9657,2068,121,39,1468.0,4601.0,11885,Bari
246,IT0005,University of Bari Aldo Moro,2016,0,1710,45936,8196,388,173,12840.0,39695.0,54693,Bari
247,IT0006,University of Sannio,2016,0,267,5128,913,110,32,606.0,1964.0,6183,Benevento
248,IT0008,University of Bergamo,2016,0,538,16958,3115,169,78,631.0,1701.0,20320,Bergamo
249,IT0009,University of Bologna,2016,0,3582,81500,18833,1192,504,26842.0,86129.0,102029,Bologna
250,IT0010,Free University of Bozen-Bolzano,2016,0,420,3287,531,121,23,409.0,866.0,3962,Bolzano
251,IT0012,University of Brescia,2016,0,1213,14581,2692,181,56,6449.0,17779.0,17510,Brescia
252,IT0013,University of Cagliari,2016,0,1076,26162,4364,358,196,8020.0,25910.0,31080,Cagliari
253,IT0014,University of Camerino,2016,0,439,7345,1337,192,73,2475.0,8741.0,8947,Macerata
254,IT0015,University of Molise,2016,0,471,7013,1088,100,25,938.0,2800.0,8226,Campobasso
255,IT0017,University of Cassino and Southern Lazio,2016,0,509,7745,1484,108,51,647.0,2101.0,9388,Frosinone
256,IT0019,University of Catania,2016,0,1735,43607,7007,305,86,12021.0,37960.0,51005,Catania
257,IT0020,"University ""Magna Graecia""",2016,0,400,10710,1519,152,68,1620.0,3910.0,12449,Catanzaro
258,IT0022,Kore University of Enna (UKE),2016,0,164,5700,1105,44,27,136.0,272.0,6876,Enna
259,IT0023,University of Ferrara,2016,0,983,16398,3182,334,126,8107.0,25568.0,20040,Vicenza
260,IT0025,University of Florence,2016,0,2031,52310,9618,861,303,19198.0,62699.0,63092,Florence
261,IT0027,University of Foggia,2016,0,401,9751,1651,84,56,1528.0,4207.0,11542,Foggia
262,IT0028,University of Genoa,2016,0,2011,32994,6605,976,283,18394.0,53853.0,40858,Genova
263,IT0029,University of L'Aquila,2016,0,850,17584,4047,197,115,4736.0,13085.0,21943,L'Aquila
264,IT0030,University of Salento,2016,0,811,16863,3557,229,94,2613.0,7924.0,20743,Lecce
265,IT0032,University of Macerata,2016,0,467,10376,1844,126,37,272.0,555.0,12383,Macerata
266,IT0033,University of Messina,2016,0,1233,23817,4987,383,113,7980.0,26547.0,29300,Messina
267,IT0035,Politecnico di Milano,2016,0,2368,44656,11796,1009,305,9301.0,27002.0,57766,Milano
268,IT0036,Università Cattolica del Sacro Cuore,2016,0,3756,40457,11435,505,171,9078.0,27855.0,52568,Roma
269,IT0038,University of Milan,2016,0,2861,62197,12533,992,287,41888.0,115993.0,76009,Milano
270,IT0039,Vita-Salute San Raffaele University,2016,0,261,2892,624,92,31,2226.0,5076.0,3639,Milano
271,IT0040,University of Milano-Bicocca,2016,0,1081,34093,7279,473,153,5911.0,14930.0,41998,Milano
272,IT0041,Online University San Raffaele Rome,2016,0,109,3058,233,0,0,21.0,30.0,3291,Roma
273,IT0042,University of Modena and Reggio Emilia (UNIMORE),2016,0,956,23603,4865,359,112,8868.0,27046.0,28939,Modena
274,IT0043,Suor Orsola Benincasa University,2016,0,197,8578,1847,49,8,30.0,50.0,10482,Napoli
275,IT0044,University of Campania Luigi Vanvitelli,2016,0,1109,26675,5155,335,147,6530.0,18130.0,32312,Napoli
276,IT0045,University of Naples Federico II,2016,0,2858,75821,13808,938,460,15783.0,43309.0,91027,Napoli
277,IT0050,University of Padova,2016,0,3602,60241,13738,1228,447,28207.0,86242.0,75654,Padua
278,IT0051,University of Palermo,2016,0,1933,41057,8113,401,223,13023.0,37892.0,49794,Palermo
279,IT0052,University of Parma,2016,0,1162,25109,5096,404,156,11562.0,33752.0,30765,Parma
280,IT0053,Institute for Advanced Study - IUSS of Pavia,2016,0,77,122,60,60,17,136.0,218.0,259,Pavia
281,IT0054,University of Pavia,2016,0,1558,22937,5106,496,171,15156.0,45179.0,28710,Pavia
282,IT0055,University of Perugia,2016,0,1292,23673,4645,349,84,10391.0,33661.0,28751,Perugia
283,IT0056,University for Foreigners Perugia,2016,0,70,925,274,30,7,26.0,42.0,1236,Perugia
284,IT0057,Scuola Normale Superiore,2016,0,136,0,0,265,68,2455.0,6737.0,333,Pisa
285,IT0059,University of Pisa,2016,0,2573,46968,8160,658,225,18878.0,60025.0,56011,Pisa
286,IT0060,University of the Basilicata,2016,0,438,6582,928,117,53,1733.0,5382.0,7680,Potenza
287,IT0061,Università Mediterranea of Reggio Calabria,2016,0,341,5978,1109,86,39,1145.0,2757.0,7212,Reggio Di Calabria
288,IT0063,Roma Tre University,2016,0,1170,33122,6956,510,194,2310.0,6030.0,40782,Roma
289,IT0065,LUISS Guido Carli,2016,0,1426,9902,3106,110,29,368.0,639.0,13147,Roma
290,IT0066,Free University Maria SS. Assunta (LUMSA),2016,0,330,6234,1814,26,25,135.0,242.0,8099,Roma
291,IT0067,Campus Bio-Medico University,2016,0,177,2159,635,50,33,1201.0,2707.0,2877,Roma
292,IT0068,Sapienza University of Rome,2016,0,3936,105483,21265,3077,907,36585.0,95503.0,130732,Roma
293,IT0069,"University of Rome ""Foro Italico""",2016,0,76,2200,507,29,15,292.0,823.0,2751,Roma
294,IT0070,University of Rome Tor Vergata,2016,0,1757,31724,7597,1099,429,9177.0,24346.0,40849,Roma
295,IT0072,Marconi University,2016,0,206,8790,3207,4,18,54.0,109.0,12019,Roma
296,IT0075,International Online University UNINETTUNO,2016,0,206,10916,821,0,0,37.0,71.0,11737,Roma
297,IT0077,University of Salerno,2016,0,1158,35629,5172,375,154,3793.0,12273.0,41330,Salerno
298,IT0078,University of Sassari,2016,0,713,13522,1942,182,125,6003.0,16855.0,15771,Sassari
299,IT0079,University of Siena,2016,0,1420,16528,3377,319,132,9142.0,28758.0,20356,Siena
300,IT0081,University of Teramo,2016,0,381,6336,1128,142,36,531.0,1611.0,7642,Teramo
301,IT0082,Politecnico di Torino,2016,0,967,31032,6466,633,176,5991.0,17903.0,38307,Torino
302,IT0083,University of Turin,2016,0,2604,70750,13532,780,283,22798.0,69607.0,85345,Torino
303,IT0085,University of Trento,2016,0,849,16271,3641,593,162,4814.0,12508.0,20667,Trento
304,IT0086,International School for Advanced Studies (SISSA),2016,0,111,0,0,346,63,2631.0,6557.0,409,Trieste
305,IT0087,University of Trieste,2016,0,920,15450,3373,306,127,10034.0,29763.0,19256,Trieste
306,IT0088,University of Udine,2016,0,937,15668,3221,249,109,4447.0,12617.0,19247,Udine
307,IT0089,University of Urbino Carlo Bo,2016,0,725,14010,2709,117,15,1419.0,4991.0,16851,Pesaro E Urbino
308,IT0091,Ca’ Foscari University of Venice,2016,0,705,20444,5556,323,115,1614.0,4499.0,26438,Venezia
309,IT0092,University IUAV of Venice,2016,0,322,4289,1443,113,38,252.0,528.0,5883,Venezia
310,IT0093,"University of Piemonte Orientale ""Amedeo Avogadro""",2016,0,526,12130,2023,88,50,2133.0,5487.0,14291,Vercelli
311,IT0094,University of Verona,2016,0,1171,24900,5153,322,172,8435.0,22799.0,30547,Verona
312,IT0095,University of Tuscia,2016,0,461,7865,1309,140,76,1658.0,5098.0,9390,Viterbo
313,IT0244,Link Campus University,2016,0,261,1860,463,0,0,14.0,17.0,2323,Roma
314,IT0248,Humanitas University,2016,0,59,612,7,23,0,64.0,64.0,642,Pieve Emanuele
315,IT0249,Gran Sasso Science Institute,2016,0,3,0,0,42,0,83.0,108.0,42,L'Aquila
316,IT0001,Marche Polytechnic University,2015,0,710,15675,3252,393,98,4689.0,13480.0,19418,Ancona
317,IT0002,Università della Valle d’Aosta,2015,0,98,1116,183,0,0,42.0,73.0,1299,Aosta
318,IT0003,University of Calabria,2015,0,1006,27690,4748,299,134,3455.0,12044.0,32871,Cosenza
319,IT0004,Polytechnic of Bari,2015,0,379,9778,1685,98,41,1374.0,4177.0,11602,Bari
320,IT0005,University of Bari Aldo Moro,2015,0,1710,46283,8205,374,230,12431.0,37972.0,55092,Bari
321,IT0006,University of Sannio,2015,0,265,5470,925,112,36,558.0,1754.0,6543,Benevento
322,IT0008,University of Bergamo,2015,0,560,15733,2988,187,73,579.0,1499.0,18981,Bergamo
323,IT0009,University of Bologna,2015,0,3509,79580,18644,1302,500,25784.0,81817.0,100026,Bologna
324,IT0010,Free University of Bozen-Bolzano,2015,0,385,3068,467,148,29,338.0,675.0,3712,Bolzano
325,IT0012,University of Brescia,2015,0,1239,13969,2609,200,74,6156.0,16703.0,16852,Brescia
326,IT0013,University of Cagliari,2015,0,1122,26257,4328,424,190,7685.0,24531.0,31199,Cagliari
327,IT0014,University of Camerino,2015,0,430,6719,1396,171,53,2389.0,8316.0,8339,Macerata
328,IT0015,University of Molise,2015,0,441,6944,1102,110,41,877.0,2549.0,8197,Campobasso
329,IT0017,University of Cassino and Southern Lazio,2015,0,466,7989,1481,132,51,598.0,1903.0,9653,Frosinone
330,IT0019,University of Catania,2015,0,1643,45348,7433,305,115,11617.0,36193.0,53201,Catania
331,IT0020,"University ""Magna Graecia""",2015,0,392,10306,1439,143,56,1498.0,3492.0,11944,Catanzaro
332,IT0022,Kore University of Enna (UKE),2015,0,169,5842,1074,24,15,110.0,211.0,6955,Enna
333,IT0023,University of Ferrara,2015,0,986,15794,3313,353,123,7840.0,24442.0,19583,Vicenza
334,IT0025,University of Florence,2015,0,1995,51391,9224,936,309,18530.0,59775.0,61860,Florence
335,IT0027,University of Foggia,2015,0,416,9082,1600,79,31,1416.0,3738.0,10792,Foggia
336,IT0028,University of Genoa,2015,0,1944,31674,6460,981,281,17816.0,51553.0,39396,Genova
337,IT0029,University of L'Aquila,2015,0,827,18293,3751,220,110,4511.0,12259.0,22374,L'Aquila
338,IT0030,University of Salento,2015,0,813,17121,3405,232,107,2440.0,7266.0,20865,Lecce
339,IT0032,University of Macerata,2015,0,446,10032,1864,163,56,248.0,484.0,12115,Macerata
340,IT0033,University of Messina,2015,0,1273,23955,5005,423,124,7707.0,25218.0,29507,Messina
341,IT0035,Politecnico di Milano,2015,0,2378,42946,11292,1131,274,8617.0,24810.0,55643,Milano
342,IT0036,Università Cattolica del Sacro Cuore,2015,0,3952,38835,11371,608,205,8744.0,26451.0,51019,Roma
343,IT0038,University of Milan,2015,0,3014,60364,11733,1101,454,40330.0,110824.0,73652,Milano
344,IT0039,Vita-Salute San Raffaele University,2015,0,234,2360,548,107,46,2078.0,4609.0,3061,Milano
345,IT0040,University of Milano-Bicocca,2015,0,1060,32339,6976,533,198,5332.0,13248.0,40046,Milano
346,IT0041,Online University San Raffaele Rome,2015,0,98,2037,153,0,7,18.0,20.0,2197,Roma
347,IT0042,University of Modena and Reggio Emilia (UNIMORE),2015,0,967,21559,4598,355,120,8562.0,25749.0,26632,Modena
348,IT0043,Suor Orsola Benincasa University,2015,0,233,8247,1714,38,2,23.0,39.0,10001,Napoli
349,IT0044,Second University of Naples,2015,0,1133,26068,4840,330,166,6159.0,16787.0,31404,Napoli
350,IT0045,University of Naples Federico II,2015,0,2755,76678,13828,999,480,14955.0,39909.0,91985,Napoli
351,IT0050,University of Padova,2015,0,3173,59598,12442,1298,450,27097.0,81855.0,73788,Padua
352,IT0051,University of Palermo,2015,0,1987,40075,8275,284,289,12291.0,35538.0,48923,Palermo
353,IT0052,University of Parma,2015,0,1220,23387,5219,398,146,11094.0,32204.0,29150,Parma
354,IT0053,Institute for Advanced Study - IUSS of Pavia,2015,0,98,133,77,71,22,108.0,167.0,303,Pavia
355,IT0054,University of Pavia,2015,0,1432,21693,5184,505,179,14705.0,43448.0,27561,Pavia
356,IT0055,University of Perugia,2015,0,1281,21898,4595,414,109,10017.0,32029.0,27016,Perugia
357,IT0056,University for Foreigners Perugia,2015,0,70,907,288,23,4,24.0,38.0,1222,Perugia
358,IT0057,Scuola Normale Superiore,2015,0,128,0,0,234,84,2345.0,6409.0,318,Pisa
359,IT0059,University of Pisa,2015,0,2524,46106,8127,654,269,18225.0,57412.0,55156,Pisa
360,IT0060,University of the Basilicata,2015,0,429,6629,866,134,61,1637.0,4968.0,7690,Potenza
361,IT0061,Università Mediterranea of Reggio Calabria,2015,0,452,6229,1094,110,47,1069.0,2518.0,7480,Reggio Di Calabria
362,IT0063,Roma Tre University,2015,0,1243,34741,6945,546,170,2094.0,5365.0,42402,Roma
363,IT0065,LUISS Guido Carli,2015,0,1295,9150,2750,119,27,330.0,554.0,12046,Roma
364,IT0066,Free University Maria SS. Assunta (LUMSA),2015,0,328,6426,1752,29,6,114.0,192.0,8213,Roma
365,IT0067,Campus Bio-Medico University,2015,0,190,1890,483,57,19,1063.0,2333.0,2449,Roma
366,IT0068,Sapienza University of Rome,2015,0,4060,102227,21128,3129,917,34967.0,89322.0,127401,Roma
367,IT0069,"University of Rome ""Foro Italico""",2015,0,74,2226,469,30,17,267.0,710.0,2742,Roma
368,IT0070,University of Rome Tor Vergata,2015,0,1762,31587,7952,1517,434,8666.0,22502.0,41490,Roma
369,IT0072,Marconi University,2015,0,208,14472,2128,22,29,41.0,82.0,16651,Roma
370,IT0075,International Online University UNINETTUNO,2015,0,218,10264,613,0,0,31.0,57.0,10877,Roma
371,IT0077,University of Salerno,2015,0,1199,35039,4941,430,125,3523.0,11159.0,40535,Salerno
372,IT0078,University of Sassari,2015,0,726,12411,2389,230,125,5749.0,15898.0,15155,Sassari
373,IT0079,University of Siena,2015,0,1417,15775,3391,329,141,8820.0,27519.0,19636,Siena
374,IT0081,University of Teramo,2015,0,346,6056,1175,139,37,488.0,1447.0,7407,Teramo
375,IT0082,Politecnico di Torino,2015,0,994,30358,6593,694,211,5514.0,16428.0,37856,Torino
376,IT0083,University of Turin,2015,0,2629,66098,12941,874,274,22002.0,66133.0,80187,Torino
377,IT0085,University of Trento,2015,0,841,16238,3609,618,179,4317.0,11197.0,20644,Trento
378,IT0086,International School for Advanced Studies (SISSA),2015,0,105,0,0,340,66,2510.0,6183.0,406,Trieste
379,IT0087,University of Trieste,2015,0,963,15265,3433,335,124,9533.0,28348.0,19157,Trieste
380,IT0088,University of Udine,2015,0,930,14953,3072,237,101,4263.0,11899.0,18363,Udine
381,IT0089,University of Urbino Carlo Bo,2015,0,617,14064,2579,148,31,1352.0,4694.0,16822,Pesaro E Urbino
382,IT0091,Ca’ Foscari University of Venice,2015,0,726,20496,5359,326,115,1484.0,4155.0,26296,Venezia
383,IT0092,University IUAV of Venice,2015,0,329,4403,1547,118,45,222.0,455.0,6113,Venezia
384,IT0093,"University of Piemonte Orientale ""Amedeo Avogadro""",2015,0,502,11148,1949,97,44,1945.0,4890.0,13238,Vercelli
385,IT0094,University of Verona,2015,0,1036,23402,4950,345,140,8035.0,21495.0,28837,Verona
386,IT0095,University of Tuscia,2015,0,462,7674,1326,164,92,1567.0,4720.0,9256,Viterbo
387,IT0244,Link Campus University,2015,0,202,2068,169,0,0,11.0,12.0,2237,Roma
388,IT0248,Humanitas University,2015,0,40,352,0,9,0,1.0,1.0,361,Pieve Emanuele
389,IT0001,Marche Polytechnic University,2014,0,668,16372,3221,424,102,4395.0,12414.0,20119,Ancona
390,IT0002,Università della Valle d’Aosta,2014,0,103,1152,193,0,0,33.0,56.0,1345,Aosta
391,IT0003,University of Calabria,2014,0,1057,29263,4970,332,96,3243.0,11080.0,34661,Cosenza
392,IT0004,Polytechnic of Bari,2014,0,388,10245,1695,93,33,1282.0,3801.0,12066,Bari
393,IT0005,University of Bari Aldo Moro,2014,0,1933,50106,8509,422,246,12042.0,36273.0,59283,Bari
394,IT0006,University of Sannio,2014,0,272,5727,926,84,30,516.0,1554.0,6767,Benevento
395,IT0008,University of Bergamo,2014,0,569,14959,3230,219,97,521.0,1292.0,18505,Bergamo
396,IT0009,University of Bologna,2014,0,3550,79641,18215,1481,532,24780.0,77621.0,99869,Bologna
397,IT0010,Free University of Bozen-Bolzano,2014,0,364,2668,770,108,24,275.0,521.0,3570,Bolzano
398,IT0012,University of Brescia,2014,0,1013,14783,2420,204,69,5805.0,15565.0,17476,Brescia
399,IT0013,University of Cagliari,2014,0,1141,27592,4434,509,149,7338.0,23136.0,32684,Cagliari
400,IT0014,University of Camerino,2014,0,454,6653,1271,206,54,2300.0,7921.0,8184,Macerata
401,IT0015,University of Molise,2014,0,565,7045,1213,109,16,811.0,2304.0,8383,Campobasso
402,IT0017,University of Cassino and Southern Lazio,2014,0,466,8332,1362,161,58,551.0,1682.0,9913,Frosinone
403,IT0019,University of Catania,2014,0,1689,48150,7642,314,160,11160.0,34454.0,56266,Catania
404,IT0020,"University ""Magna Graecia""",2014,0,403,10997,1511,159,51,1367.0,3048.0,12718,Catanzaro
405,IT0022,Kore University of Enna (UKE),2014,0,172,5962,1107,35,22,96.0,156.0,7126,Enna
406,IT0023,University of Ferrara,2014,0,1006,16263,3231,386,115,7584.0,23361.0,19995,Vicenza
407,IT0025,University of Florence,2014,0,2023,51375,9739,962,309,17781.0,56759.0,62385,Florence
408,IT0027,University of Foggia,2014,0,479,9507,1785,100,43,1290.0,3272.0,11435,Foggia
409,IT0028,University of Genoa,2014,0,2077,33568,6981,1043,304,17123.0,49263.0,41896,Genova
410,IT0029,University of L'Aquila,2014,0,795,21557,3806,358,109,4273.0,11433.0,25830,L'Aquila
411,IT0030,University of Salento,2014,0,768,18109,3487,380,136,2293.0,6661.0,22112,Lecce
412,IT0032,University of Macerata,2014,0,464,9948,1864,215,66,210.0,406.0,12093,Macerata
413,IT0033,University of Messina,2014,0,1394,26815,5088,333,208,7391.0,23865.0,32444,Messina
414,IT0035,Politecnico di Milano,2014,0,2443,41102,11066,1170,401,7913.0,22658.0,53739,Milano
415,IT0036,Università Cattolica del Sacro Cuore,2014,0,3565,39443,11886,590,187,8449.0,24994.0,52106,Roma
416,IT0038,University of Milan,2014,0,3149,63438,11440,1210,536,38687.0,105514.0,76624,Milano
417,IT0039,Vita-Salute San Raffaele University,2014,0,225,2509,629,115,43,1923.0,4183.0,3296,Milano
418,IT0040,University of Milano-Bicocca,2014,0,1138,32650,6928,557,182,4869.0,11797.0,40317,Milano
419,IT0041,Online University San Raffaele Rome,2014,0,64,1398,66,7,0,6.0,7.0,1471,Roma
420,IT0042,University of Modena and Reggio Emilia (UNIMORE),2014,0,1006,21130,4444,364,114,8232.0,24437.0,26052,Modena
421,IT0043,Suor Orsola Benincasa University,2014,0,275,8403,2364,44,4,20.0,36.0,10815,Napoli
422,IT0044,Second University of Naples,2014,0,1281,27372,4781,405,170,5787.0,15450.0,32728,Napoli
423,IT0045,University of Naples Federico II,2014,0,2813,80224,13741,1218,418,13884.0,36292.0,95601,Napoli
424,IT0050,University of Padova,2014,0,3961,60452,13226,1361,476,25961.0,77421.0,75515,Padua
425,IT0051,University of Palermo,2014,0,2125,43408,8345,630,307,11662.0,33342.0,52690,Palermo
426,IT0052,University of Parma,2014,0,1376,24297,5592,440,107,10649.0,30631.0,30436,Parma
427,IT0053,Institute for Advanced Study - IUSS of Pavia,2014,0,119,60,76,86,18,85.0,131.0,240,Pavia
428,IT0054,University of Pavia,2014,0,1330,22732,5003,715,207,14256.0,41731.0,28657,Pavia
429,IT0055,University of Perugia,2014,0,1254,23137,4758,470,89,9654.0,30447.0,28454,Perugia
430,IT0056,University for Foreigners Perugia,2014,0,77,970,330,22,5,23.0,34.0,1327,Perugia
431,IT0057,Scuola Normale Superiore,2014,0,138,0,0,231,78,2238.0,6096.0,309,Pisa
432,IT0059,University of Pisa,2014,0,2543,47258,7771,884,209,17541.0,54816.0,56122,Pisa
433,IT0060,University of the Basilicata,2014,0,481,7045,1027,143,45,1509.0,4543.0,8260,Potenza
434,IT0061,Università Mediterranea of Reggio Calabria,2014,0,340,7130,1202,109,71,1022.0,2318.0,8512,Reggio Di Calabria
435,IT0063,Roma Tre University,2014,0,1239,35846,6982,814,200,1899.0,4732.0,43842,Roma
436,IT0065,LUISS Guido Carli,2014,0,1181,8490,2929,133,38,291.0,466.0,11590,Roma
437,IT0066,Free University Maria SS. Assunta (LUMSA),2014,0,381,6416,1891,40,13,89.0,148.0,8360,Roma
438,IT0067,Campus Bio-Medico University,2014,0,205,2081,534,68,26,914.0,1972.0,2709,Roma
439,IT0068,Sapienza University of Rome,2014,0,4122,108318,21973,3298,905,33210.0,83145.0,134494,Roma
440,IT0069,"University of Rome ""Foro Italico""",2014,0,76,2198,421,35,8,243.0,608.0,2662,Roma
441,IT0070,University of Rome Tor Vergata,2014,0,1682,34011,7959,1263,468,8050.0,20541.0,43701,Roma
442,IT0072,Marconi University,2014,0,212,14621,1895,74,13,36.0,61.0,16603,Roma
443,IT0075,International Online University UNINETTUNO,2014,0,191,10156,438,0,0,22.0,40.0,10594,Roma
444,IT0077,University of Salerno,2014,0,1137,35202,5099,483,145,3263.0,10111.0,40929,Salerno
445,IT0078,University of Sassari,2014,0,791,13703,2334,316,137,5431.0,14926.0,16490,Sassari
446,IT0079,University of Siena,2014,0,1462,16491,3465,393,157,8518.0,26278.0,20506,Siena
447,IT0081,University of Teramo,2014,0,320,6557,1353,125,38,448.0,1291.0,8073,Teramo
448,IT0082,Politecnico di Torino,2014,0,985,29670,6454,674,232,5096.0,15032.0,37030,Torino
449,IT0083,University of Turin,2014,0,2774,65038,12758,974,294,21043.0,62499.0,79064,Torino
450,IT0085,University of Trento,2014,0,908,16691,3597,592,154,3865.0,10062.0,21034,Trento
451,IT0086,International School for Advanced Studies (SISSA),2014,0,106,0,0,303,49,2372.0,5801.0,352,Trieste
452,IT0087,University of Trieste,2014,0,986,16167,3548,351,118,9141.0,27112.0,20184,Trieste
453,IT0088,University of Udine,2014,0,1030,15498,3170,282,117,4083.0,11163.0,19067,Udine
454,IT0089,University of Urbino Carlo Bo,2014,0,611,14068,2806,163,55,1304.0,4420.0,17092,Pesaro E Urbino
455,IT0091,Ca’ Foscari University of Venice,2014,0,702,19832,4900,342,96,1380.0,3844.0,25170,Venezia
456,IT0092,University IUAV of Venice,2014,0,370,4604,1532,167,0,194.0,387.0,6303,Venezia
457,IT0093,"University of Piemonte Orientale ""Amedeo Avogadro""",2014,0,480,10811,1826,128,54,1789.0,4327.0,12819,Vercelli
458,IT0094,University of Verona,2014,0,1099,23549,5159,451,178,7641.0,20212.0,29337,Verona
459,IT0095,University of Tuscia,2014,0,467,7634,1417,203,74,1472.0,4312.0,9328,Viterbo
460,IT0244,Link Campus University,2014,0,256,1719,173,0,0,6.0,6.0,1892,Roma
461,IT0001,Marche Polytechnic University,2013,0,721,16393,3210,397,125,4144.0,11437.0,20125,Ancona
462,IT0002,Università della Valle d’Aosta,2013,0,130,1172,224,0,0,25.0,43.0,1396,Aosta
463,IT0003,University of Calabria,2013,0,1154,31269,4951,389,103,3061.0,10194.0,36712,Cosenza
464,IT0004,Polytechnic of Bari,2013,0,398,10658,1553,117,33,1192.0,3470.0,12361,Bari
465,IT0005,University of Bari Aldo Moro,2013,0,1838,52118,8535,550,288,11575.0,34460.0,61491,Bari
466,IT0006,University of Sannio,2013,0,274,6221,875,108,41,466.0,1360.0,7245,Benevento
467,IT0008,University of Bergamo,2013,0,506,14695,2883,255,89,458.0,1089.0,17922,Bergamo
468,IT0009,University of Bologna,2013,0,3898,80318,17562,1661,572,23745.0,73437.0,100113,Bologna
469,IT0010,Free University of Bozen-Bolzano,2013,0,345,2841,711,113,11,219.0,390.0,3676,Bolzano
470,IT0012,University of Brescia,2013,0,1859,14794,2502,228,57,5439.0,14436.0,17581,Brescia
471,IT0013,University of Cagliari,2013,0,1406,28963,4741,614,88,7016.0,21911.0,34406,Cagliari
472,IT0014,University of Camerino,2013,0,467,7277,1248,218,41,2207.0,7530.0,8784,Macerata
473,IT0015,University of Molise,2013,0,626,7573,1304,124,30,746.0,2063.0,9031,Campobasso
474,IT0017,University of Cassino and Southern Lazio,2013,0,591,8715,1511,184,42,496.0,1496.0,10452,Frosinone
475,IT0019,University of Catania,2013,0,1835,51004,7573,307,213,10746.0,32761.0,59097,Catania
476,IT0020,"University ""Magna Graecia""",2013,0,533,10698,1553,166,115,1243.0,2608.0,12532,Catanzaro
477,IT0022,Kore University of Enna (UKE),2013,0,164,6216,1106,49,20,65.0,91.0,7391,Enna
478,IT0023,University of Ferrara,2013,0,1375,16307,3219,398,98,7339.0,22347.0,20022,Vicenza
479,IT0025,University of Florence,2013,0,2278,52325,9360,1014,364,17000.0,53836.0,63063,Florence
480,IT0027,University of Foggia,2013,0,467,9753,1654,121,39,1162.0,2826.0,11567,Foggia
481,IT0028,University of Genoa,2013,0,2010,34098,6902,1078,307,16559.0,47129.0,42385,Genova
482,IT0029,University of L'Aquila,2013,0,798,24890,3797,320,104,4074.0,10694.0,29111,L'Aquila
483,IT0030,University of Salento,2013,0,821,19035,3751,396,177,2118.0,6066.0,23359,Lecce
484,IT0032,University of Macerata,2013,0,514,10162,2034,170,90,179.0,334.0,12456,Macerata
485,IT0033,University of Messina,2013,0,1543,27726,5429,364,262,7074.0,22520.0,33781,Messina
486,IT0035,Politecnico di Milano,2013,0,2468,41567,10330,1136,297,7280.0,20667.0,53330,Milano
487,IT0036,Università Cattolica del Sacro Cuore,2013,0,4441,39881,11414,638,198,8080.0,23468.0,52131,Roma
488,IT0038,University of Milan,2013,0,4692,63357,11154,1289,386,37207.0,100615.0,76186,Milano
489,IT0039,Vita-Salute San Raffaele University,2013,0,441,2360,534,144,40,1768.0,3727.0,3078,Milano
490,IT0040,University of Milano-Bicocca,2013,0,1149,33001,6328,604,194,4452.0,10345.0,40127,Milano
491,IT0041,Online University San Raffaele Rome,2013,0,64,979,74,7,0,3.0,3.0,1060,Roma
492,IT0042,University of Modena and Reggio Emilia (UNIMORE),2013,0,1194,20883,4097,379,121,7921.0,23222.0,25480,Modena
493,IT0043,Suor Orsola Benincasa University,2013,0,223,9377,2202,18,1,18.0,32.0,11598,Napoli
494,IT0044,Second University of Naples,2013,0,1306,27976,4653,474,175,5437.0,14127.0,33278,Napoli
495,IT0045,University of Naples Federico II,2013,0,2589,82036,13473,1040,495,13004.0,32946.0,97044,Napoli
496,IT0050,University of Padova,2013,0,3836,60776,12999,1436,504,24892.0,73299.0,75715,Padua
497,IT0051,University of Palermo,2013,0,2205,44711,9683,780,49,11022.0,31215.0,55223,Palermo
498,IT0052,University of Parma,2013,0,1461,26032,5716,446,151,10146.0,29003.0,32345,Parma
499,IT0053,Institute for Advanced Study - IUSS of Pavia,2013,0,69,99,76,80,16,66.0,98.0,271,Pavia
500,IT0054,University of Pavia,2013,0,1724,22894,4793,546,198,13780.0,40048.0,28431,Pavia
501,IT0055,University of Perugia,2013,0,1291,24091,4930,432,115,9293.0,28920.0,29568,Perugia
502,IT0056,University for Foreigners Perugia,2013,0,79,1150,223,25,8,20.0,26.0,1406,Perugia
503,IT0057,Scuola Normale Superiore,2013,0,128,0,0,266,54,2124.0,5818.0,320,Pisa
504,IT0059,University of Pisa,2013,0,2631,47424,7939,733,237,16925.0,52385.0,56333,Pisa
505,IT0060,University of the Basilicata,2013,0,446,7358,1167,180,52,1427.0,4174.0,8757,Potenza
506,IT0061,Università Mediterranea of Reggio Calabria,2013,0,300,7636,987,126,64,971.0,2128.0,8813,Reggio Di Calabria
507,IT0063,Roma Tre University,2013,0,1397,36670,6882,837,183,1678.0,4097.0,44572,Roma
508,IT0065,LUISS Guido Carli,2013,0,1002,8366,2723,177,47,248.0,381.0,11313,Roma
509,IT0066,Free University Maria SS. Assunta (LUMSA),2013,0,284,6843,2003,43,12,68.0,116.0,8901,Roma
510,IT0067,Campus Bio-Medico University,2013,0,253,1948,456,76,21,794.0,1679.0,2501,Roma
511,IT0068,Sapienza University of Rome,2013,0,4190,112060,21709,3257,903,31457.0,77102.0,137929,Roma
512,IT0069,"University of Rome ""Foro Italico""",2013,0,90,2444,427,42,14,211.0,508.0,2927,Roma
513,IT0070,University of Rome Tor Vergata,2013,0,1783,33956,7044,1510,327,7465.0,18648.0,42837,Roma
514,IT0072,Marconi University,2013,0,220,14827,1818,94,22,30.0,45.0,16761,Roma
515,IT0075,International Online University UNINETTUNO,2013,0,149,9082,214,0,0,15.0,24.0,9296,Roma
516,IT0077,University of Salerno,2013,0,1372,35658,4711,495,156,2995.0,9100.0,41020,Salerno
517,IT0078,University of Sassari,2013,0,807,14097,2341,335,95,5123.0,13958.0,16868,Sassari
518,IT0079,University of Siena,2013,0,1508,16841,3778,406,181,8216.0,25050.0,21206,Siena
519,IT0081,University of Teramo,2013,0,350,6843,1532,126,39,411.0,1141.0,8540,Teramo
520,IT0082,Politecnico di Torino,2013,0,1022,28996,5743,689,212,4686.0,13717.0,35640,Torino
521,IT0083,University of Turin,2013,0,2883,68304,12955,1075,312,20162.0,59139.0,82646,Torino
522,IT0085,University of Trento,2013,0,980,16768,3266,595,178,3487.0,9083.0,20807,Trento
523,IT0086,International School for Advanced Studies (SISSA),2013,0,106,0,0,239,51,2257.0,5452.0,290,Trieste
524,IT0087,University of Trieste,2013,0,1288,17123,3509,396,123,8777.0,25922.0,21151,Trieste
525,IT0088,University of Udine,2013,0,1149,15882,3226,328,137,3889.0,10491.0,19573,Udine
526,IT0089,University of Urbino Carlo Bo,2013,0,750,14306,2841,182,56,1243.0,4123.0,17385,Pesaro E Urbino
527,IT0091,Ca’ Foscari University of Venice,2013,0,727,19968,4688,361,116,1284.0,3542.0,25133,Venezia
528,IT0092,University IUAV of Venice,2013,0,325,4684,1719,0,50,166.0,324.0,6453,Venezia
529,IT0093,"University of Piemonte Orientale ""Amedeo Avogadro""",2013,0,509,10482,1937,159,62,1618.0,3800.0,12640,Vercelli
530,IT0094,University of Verona,2013,0,1580,23265,4859,483,163,7255.0,18987.0,28770,Verona
531,IT0095,University of Tuscia,2013,0,457,7476,1505,293,83,1376.0,3944.0,9357,Viterbo
532,IT0244,Link Campus University,2013,0,227,1522,74,0,0,3.0,3.0,1596,Roma
533,IT0001,Marche Polytechnic University,2012,0,734,16128,3414,359,129,3868.0,10536.0,20030,Ancona
534,IT0002,Università della Valle d’Aosta,2012,0,114,1202,157,0,0,21.0,36.0,1359,Aosta
535,IT0003,University of Calabria,2012,0,1033,31476,5242,373,148,2856.0,9355.0,37239,Cosenza
536,IT0004,Polytechnic of Bari,2012,0,433,9889,1631,159,50,1125.0,3169.0,11729,Bari
537,IT0005,University of Bari Aldo Moro,2012,0,1777,50767,8397,650,373,11088.0,32788.0,60187,Bari
538,IT0006,University of Sannio,2012,0,288,6201,851,113,38,419.0,1190.0,7203,Benevento
539,IT0008,University of Bergamo,2012,0,642,14702,2634,274,69,401.0,926.0,17679,Bergamo
540,IT0009,University of Bologna,2012,0,3914,78381,16558,1661,526,22593.0,69397.0,97126,Bologna
541,IT0010,Free University of Bozen-Bolzano,2012,0,303,2794,670,99,13,159.0,279.0,3576,Bolzano
542,IT0012,University of Brescia,2012,0,2152,14478,2608,226,60,5100.0,13390.0,17372,Brescia
543,IT0013,University of Cagliari,2012,0,1344,28617,5312,651,117,6705.0,20740.0,34697,Cagliari
544,IT0014,University of Camerino,2012,0,485,7098,1352,250,53,2115.0,7137.0,8753,Macerata
545,IT0015,University of Molise,2012,0,653,7432,1237,86,30,678.0,1841.0,8785,Campobasso
546,IT0017,University of Cassino and Southern Lazio,2012,0,524,8936,1675,190,38,457.0,1342.0,10839,Frosinone
547,IT0019,University of Catania,2012,0,1872,51138,8315,361,351,10273.0,31059.0,60165,Catania
548,IT0020,"University ""Magna Graecia""",2012,0,481,9816,1714,185,46,1090.0,2186.0,11761,Catanzaro
549,IT0022,Kore University of Enna (UKE),2012,0,168,6013,969,54,0,35.0,45.0,7036,Enna
550,IT0023,University of Ferrara,2012,0,1459,16127,2846,398,128,7054.0,21252.0,19499,Vicenza
551,IT0025,University of Florence,2012,0,2301,51496,10178,960,391,16299.0,51092.0,63025,Florence
552,IT0027,University of Foggia,2012,0,414,9849,1637,173,44,1020.0,2413.0,11703,Foggia
553,IT0028,University of Genoa,2012,0,2117,34343,6808,1093,263,15899.0,45058.0,42507,Genova
554,IT0029,University of L'Aquila,2012,0,942,24478,3591,341,101,3869.0,9988.0,28511,L'Aquila
555,IT0030,University of Salento,2012,0,821,20028,4026,324,166,1959.0,5536.0,24544,Lecce
556,IT0032,University of Macerata,2012,0,543,9885,1890,170,67,154.0,284.0,12012,Macerata
557,IT0033,University of Messina,2012,0,1596,28694,5386,475,316,6769.0,21301.0,34871,Messina
558,IT0035,Politecnico di Milano,2012,0,2558,40126,9855,1073,221,6746.0,18881.0,51275,Milano
559,IT0036,Università Cattolica del Sacro Cuore,2012,0,4410,40453,10886,622,247,7702.0,21991.0,52208,Roma
560,IT0038,University of Milan,2012,0,4624,60858,10930,1403,456,35687.0,96004.0,73647,Milano
561,IT0039,Vita-Salute San Raffaele University,2012,0,446,2333,651,156,46,1585.0,3262.0,3186,Milano
562,IT0040,University of Milano-Bicocca,2012,0,1159,32947,5759,591,184,3988.0,8983.0,39481,Milano
563,IT0041,Online University San Raffaele Rome,2012,0,65,829,168,8,0,2.0,2.0,1005,Roma
564,IT0042,University of Modena and Reggio Emilia (UNIMORE),2012,0,1170,19779,3856,338,149,7570.0,21961.0,24122,Modena
565,IT0043,Suor Orsola Benincasa University,2012,0,222,9097,2094,27,11,17.0,29.0,11229,Napoli
566,IT0044,Second University of Naples,2012,0,1270,28208,5000,548,172,4997.0,12770.0,33928,Napoli
567,IT0045,University of Naples Federico II,2012,0,3007,84433,13885,1442,417,12032.0,29603.0,100177,Napoli
568,IT0050,University of Padova,2012,0,3917,59787,13149,1435,481,23751.0,69254.0,74852,Padua
569,IT0051,University of Palermo,2012,0,2073,46796,8516,913,330,10357.0,29244.0,56555,Palermo
570,IT0052,University of Parma,2012,0,1294,26530,5488,426,163,9647.0,27579.0,32607,Parma
571,IT0053,Institute for Advanced Study - IUSS of Pavia,2012,0,57,67,76,69,12,58.0,80.0,224,Pavia
572,IT0054,University of Pavia,2012,0,1816,22757,4656,607,199,13330.0,38435.0,28219,Pavia
573,IT0055,University of Perugia,2012,0,1269,25461,4967,365,229,8925.0,27448.0,31022,Perugia
574,IT0056,University for Foreigners Perugia,2012,0,82,1221,397,25,3,16.0,18.0,1646,Perugia
575,IT0057,Scuola Normale Superiore,2012,0,116,0,0,279,69,2040.0,5569.0,348,Pisa
576,IT0059,University of Pisa,2012,0,2536,49018,8023,746,315,16228.0,49867.0,58102,Pisa
577,IT0060,University of the Basilicata,2012,0,468,7561,919,180,51,1330.0,3805.0,8711,Potenza
578,IT0061,Università Mediterranea of Reggio Calabria,2012,0,352,8239,1112,156,69,927.0,1956.0,9576,Reggio Di Calabria
579,IT0063,Roma Tre University,2012,0,1481,35962,6469,629,144,1478.0,3537.0,43204,Roma
580,IT0065,LUISS Guido Carli,2012,0,985,8250,2435,124,55,201.0,301.0,10864,Roma
581,IT0066,Free University Maria SS. Assunta (LUMSA),2012,0,357,6858,1617,50,11,62.0,101.0,8536,Roma
582,IT0067,Campus Bio-Medico University,2012,0,294,1987,500,84,26,685.0,1449.0,2597,Roma
583,IT0068,Sapienza University of Rome,2012,0,4308,110528,22738,3155,869,29140.0,70920.0,137290,Roma
584,IT0069,"University of Rome ""Foro Italico""",2012,0,76,2159,352,45,17,179.0,421.0,2573,Roma
585,IT0070,University of Rome Tor Vergata,2012,0,1732,34421,6851,1621,409,6894.0,16825.0,43302,Roma
586,IT0072,Marconi University,2012,0,244,15433,2719,67,1,21.0,22.0,18220,Roma
587,IT0075,International Online University UNINETTUNO,2012,0,113,8246,183,0,0,12.0,14.0,8429,Roma
588,IT0077,University of Salerno,2012,0,1396,34174,4637,468,168,2680.0,8105.0,39447,Salerno
589,IT0078,University of Sassari,2012,0,810,13952,2489,422,118,4850.0,13110.0,16981,Sassari
590,IT0079,University of Siena,2012,0,1505,17265,3813,495,268,7862.0,23787.0,21841,Siena
591,IT0081,University of Teramo,2012,0,418,7109,1311,110,30,377.0,998.0,8560,Teramo
592,IT0082,Politecnico di Torino,2012,0,1052,27845,5646,708,214,4300.0,12484.0,34413,Torino
593,IT0083,University of Turin,2012,0,2993,66245,12522,1037,421,19190.0,55783.0,80225,Torino
594,IT0085,University of Trento,2012,0,913,16226,3008,574,133,3170.0,8203.0,19941,Trento
595,IT0086,International School for Advanced Studies (SISSA),2012,0,107,0,0,242,75,2121.0,5107.0,317,Trieste
596,IT0087,University of Trieste,2012,0,1345,17181,3778,375,133,8478.0,24872.0,21467,Trieste
597,IT0088,University of Udine,2012,0,1222,15828,3100,408,127,3671.0,9803.0,19463,Udine
598,IT0089,University of Urbino Carlo Bo,2012,0,694,13985,2905,171,67,1188.0,3859.0,17128,Pesaro E Urbino
599,IT0091,Ca’ Foscari University of Venice,2012,0,759,18917,4221,348,121,1161.0,3258.0,23607,Venezia
600,IT0092,University IUAV of Venice,2012,0,408,4867,1772,0,0,148.0,275.0,6639,Venezia
601,IT0093,"University of Piemonte Orientale ""Amedeo Avogadro""",2012,0,558,10238,1609,166,46,1461.0,3306.0,12059,Vercelli
602,IT0094,University of Verona,2012,0,1550,23499,4948,567,181,6812.0,17782.0,29195,Verona
603,IT0095,University of Tuscia,2012,0,476,7244,1753,279,98,1266.0,3571.0,9374,Viterbo
604,IT0001,Marche Polytechnic University,2011,0,688,16894,3050,340,144,3622.0,9751.0,20428,Ancona
605,IT0002,Università della Valle d’Aosta,2011,0,145,995,177,0,0,18.0,26.0,1172,Aosta
606,IT0003,University of Calabria,2011,0,1045,30316,5132,394,143,2649.0,8556.0,35985,Cosenza
607,IT0004,Polytechnic of Bari,2011,0,451,12117,1458,173,48,1047.0,2876.0,13796,Bari
608,IT0005,University of Bari Aldo Moro,2011,0,1808,53760,7969,803,342,10583.0,31163.0,62874,Bari
609,IT0006,University of Sannio,2011,0,299,5993,720,121,25,371.0,1032.0,6859,Benevento
610,IT0008,University of Bergamo,2011,0,599,14505,2692,299,58,323.0,750.0,17554,Bergamo
611,IT0009,University of Bologna,2011,0,3980,80734,15687,1685,578,21472.0,65706.0,98684,Bologna
612,IT0010,Free University of Bozen-Bolzano,2011,0,287,1667,394,85,10,112.0,187.0,2156,Bolzano
613,IT0012,University of Brescia,2011,0,1851,14871,2508,204,48,4783.0,12469.0,17631,Brescia
614,IT0013,University of Cagliari,2011,0,1509,27718,4245,538,136,6340.0,19605.0,32637,Cagliari
615,IT0014,University of Camerino,2011,0,462,7599,1247,0,49,2012.0,6784.0,8895,Macerata
616,IT0015,University of Molise,2011,0,595,8146,1408,104,30,615.0,1646.0,9688,Campobasso
617,IT0017,University of Cassino and Southern Lazio,2011,0,510,9843,1434,134,58,413.0,1180.0,11469,Frosinone
618,IT0019,University of Catania,2011,0,1845,49300,7026,457,307,9808.0,29468.0,57090,Catania
619,IT0020,"University ""Magna Graecia""",2011,0,397,10185,1875,167,24,896.0,1790.0,12251,Catanzaro
620,IT0022,Kore University of Enna (UKE),2011,0,206,5637,973,47,0,15.0,19.0,6657,Enna
621,IT0023,University of Ferrara,2011,0,1489,17145,3250,360,104,6732.0,20234.0,20859,Vicenza
622,IT0025,University of Florence,2011,0,2511,52293,10160,1066,440,15500.0,48513.0,63959,Florence
623,IT0027,University of Foggia,2011,0,422,10727,1561,120,55,892.0,2054.0,12463,Foggia
624,IT0028,University of Genoa,2011,0,1982,34461,6246,1092,267,15279.0,43082.0,42066,Genova
625,IT0029,University of L'Aquila,2011,0,908,23798,3474,354,66,3674.0,9384.0,27692,L'Aquila
626,IT0030,University of Salento,2011,0,874,18919,3886,361,166,1802.0,5038.0,23332,Lecce
627,IT0032,University of Macerata,2011,0,535,8991,1723,207,25,124.0,230.0,10946,Macerata
628,IT0033,University of Messina,2011,0,1592,31105,4870,607,321,6434.0,20168.0,36903,Messina
629,IT0035,Politecnico di Milano,2011,0,2645,38269,9585,1123,263,6053.0,17185.0,49240,Milano
630,IT0036,Università Cattolica del Sacro Cuore,2011,0,4516,40142,10011,650,207,7180.0,20479.0,51010,Roma
631,IT0038,University of Milan,2011,0,4675,60270,10169,1321,264,34189.0,91603.0,72024,Milano
632,IT0039,Vita-Salute San Raffaele University,2011,0,432,2333,638,172,49,1342.0,2748.0,3192,Milano
633,IT0040,University of Milano-Bicocca,2011,0,1210,32144,5492,568,176,3487.0,7667.0,38380,Milano
634,IT0042,University of Modena and Reggio Emilia (UNIMORE),2011,0,1183,17773,3831,372,164,7217.0,20805.0,22140,Modena
635,IT0043,Suor Orsola Benincasa University,2011,0,324,8449,1606,20,7,14.0,23.0,10082,Napoli
636,IT0044,Second University of Naples,2011,0,1381,28894,4598,530,125,4601.0,11639.0,34147,Napoli
637,IT0045,University of Naples Federico II,2011,0,3235,83292,12477,1428,513,11148.0,26729.0,97710,Napoli
638,IT0050,University of Padova,2011,0,3879,60345,12480,1512,483,22573.0,65556.0,74820,Padua
639,IT0051,University of Palermo,2011,0,2227,50888,7861,700,417,9708.0,27426.0,59866,Palermo
640,IT0052,University of Parma,2011,0,1459,26757,4847,451,135,9203.0,26282.0,32190,Parma
641,IT0053,Institute for Advanced Study - IUSS of Pavia,2011,0,65,89,68,61,17,37.0,53.0,235,Pavia
642,IT0054,University of Pavia,2011,0,1944,22273,4602,621,221,12788.0,36837.0,27717,Pavia
643,IT0055,University of Perugia,2011,0,1285,27575,5115,327,184,8538.0,26046.0,33201,Perugia
644,IT0056,University for Foreigners Perugia,2011,0,85,1343,468,27,0,14.0,16.0,1838,Perugia
645,IT0057,Scuola Normale Superiore,2011,0,123,0,0,179,44,1912.0,5337.0,223,Pisa
646,IT0059,University of Pisa,2011,0,2557,49602,7910,766,361,15475.0,47412.0,58639,Pisa
647,IT0060,University of the Basilicata,2011,0,480,7436,826,182,67,1239.0,3502.0,8511,Potenza
648,IT0061,Università Mediterranea of Reggio Calabria,2011,0,352,8665,1027,195,77,881.0,1817.0,9964,Reggio Di Calabria
649,IT0063,Roma Tre University,2011,0,1444,34978,6173,635,185,1276.0,3050.0,41971,Roma
650,IT0065,LUISS Guido Carli,2011,0,978,7851,2400,152,43,162.0,241.0,10446,Roma
651,IT0066,Free University Maria SS. Assunta (LUMSA),2011,0,392,6176,1494,52,11,52.0,83.0,7733,Roma
652,IT0067,Campus Bio-Medico University,2011,0,256,1941,324,77,13,579.0,1228.0,2355,Roma
653,IT0068,Sapienza University of Rome,2011,0,4836,112472,22047,3077,858,27098.0,65566.0,138454,Roma
654,IT0069,"University of Rome ""Foro Italico""",2011,0,85,1467,277,43,17,153.0,343.0,1804,Roma
655,IT0070,University of Rome Tor Vergata,2011,0,1773,34953,7672,1655,380,6344.0,15197.0,44660,Roma
656,IT0072,Marconi University,2011,0,251,15182,3239,62,22,6.0,6.0,18505,Roma
657,IT0075,International Online University UNINETTUNO,2011,0,94,11488,187,0,0,5.0,5.0,11675,Roma
658,IT0077,University of Salerno,2011,0,1231,34367,3962,462,159,2389.0,7325.0,38950,Salerno
659,IT0078,University of Sassari,2011,0,789,13641,2170,392,116,4575.0,12354.0,16319,Sassari
660,IT0079,University of Siena,2011,0,1593,16964,4003,621,243,7496.0,22479.0,21831,Siena
661,IT0080,University for Foreigners of Siena,2011,0,58,835,203,31,7,5.0,5.0,1076,Siena
662,IT0081,University of Teramo,2011,0,426,7911,1940,117,52,332.0,862.0,10020,Teramo
663,IT0082,Politecnico di Torino,2011,0,1207,28631,5176,747,194,3876.0,11326.0,34748,Torino
664,IT0083,University of Turin,2011,0,3150,62740,11677,1040,367,18183.0,52766.0,75824,Torino
665,IT0085,University of Trento,2011,0,835,16038,2723,577,152,2809.0,7435.0,19490,Trento
666,IT0086,International School for Advanced Studies (SISSA),2011,0,87,0,0,0,0,1951.0,4768.0,0,Trieste
667,IT0087,University of Trieste,2011,0,1300,17511,3295,382,154,8146.0,23861.0,21342,Trieste
668,IT0088,University of Udine,2011,0,1305,14875,2902,404,128,3461.0,9157.0,18309,Udine
669,IT0089,University of Urbino Carlo Bo,2011,0,766,13953,2616,181,77,1112.0,3590.0,16827,Pesaro E Urbino
670,IT0091,Ca’ Foscari University of Venice,2011,0,810,17723,3949,330,98,1045.0,3003.0,22100,Venezia
671,IT0092,University IUAV of Venice,2011,0,398,5284,1473,151,49,120.0,221.0,6957,Venezia
672,IT0093,"University of Piemonte Orientale ""Amedeo Avogadro""",2011,0,623,9527,1751,171,44,1267.0,2792.0,11493,Vercelli
673,IT0094,University of Verona,2011,0,1352,23096,4283,580,163,6359.0,16631.0,28122,Verona
674,IT0095,University of Tuscia,2011,0,469,7780,1869,275,95,1142.0,3231.0,10019,Viterbo
